id,label
0,0101010101
1,0101010101
2,0000000000
3,2220220220
4,0600000000
5,2220220220
6,2222222222
7,00-0100100
8,1111111111
9,2220220220
10,2020202020
11,2222222222
12,2202202020
13,1010101010
14,0101010101
15,2020202020
16,0101010101
17,2020202020
18,0200200200
19,14-0210201
20,22-1221221
21,1211211211
22,0201010101
23,0200200200
24,0200200200
25,0201010101
26,2222222222
27,2202202202
28,2220220220
29,0101010101
30,2212121212
31,2222222222
32,0600000000
33,1201201110
34,0200100100
35,01-1111111
36,2222222222
37,00-0100100
38,2212212212
39,0201010101
40,2212212121
41,2222222222
42,0200201010
43,29-1211211
44,1111111111
45,2222222222
46,0201101101
47,1311311311
48,2212121212
49,01-1111111
50,1111111111
51,2222222222
52,2222222222
53,2111111111
54,0200000000
55,2222222222
56,1211111111
57,2222222222
58,0101010101
59,1111111111
60,2221221221
61,0200200100
62,0101010101
63,2222222222
64,0101010101
65,0101010101
66,2220220220
67,2202202202
68,1101010101
69,1110111111
70,2222222222
71,0600100100
72,2222222222
73,2222222222
74,0000000000
75,0201010101
76,0101010101
77,14-0211111
78,2220222222
79,0110101010
80,11-1111111
81,1201201201
82,11-1111111
83,1010101010
84,0201010101
85,22-1222222
86,2202020202
87,2220220220
88,2222222222
89,1810111111
90,1311111111
91,2111111111
92,01-01-0101
93,11-0110101
94,2220220220
95,0600000000
96,1201101010
97,2220220220
98,0301010101
99,1010101010
100,0601010101
101,11-1111111
102,2222222222
103,0200200200
104,19-01-0111
105,2222222222
106,0200200200
107,1111111111
108,0200101010
109,11-1111111
110,0201010201
111,1111111111
112,1201101101
113,0201010101
114,1111111111
115,0101010101
116,2222222222
117,11-1111111
118,2202020202
119,1111111111
120,2202202202
121,12-0210202
122,01-0101010
123,2222222222
124,06-0800100
125,18-01-0110
126,0200000000
127,0101010101
128,0301010101
129,2222222222
130,2020202020
131,1110111111
132,2220220220
133,0600000000
134,0101010101
135,12-1111111
136,2222222222
137,0101010101
138,1110110110
139,0202020202
140,11-0111111
141,1010101010
142,1311111111
143,0101010101
144,0101010101
145,0101010101
146,0100101010
147,0211111111
148,0101010101
149,2222222222
150,19-0111111
151,11-0110110
152,19-01-01-0
153,11-1111111
154,18-01-01-0
155,0301010101
156,1111111111
157,2220222222
158,2212121212
159,0200100001
160,2202202202
161,2202202202
162,0100101010
163,0202020202
164,0200200200
165,0201010101
166,11-1111111
167,1811111111
168,2020202020
169,2222222222
170,2222222222
171,0101010101
172,2020202020
173,2220220220
174,09-0100101
175,0201010101
176,0000000000
177,0200202002
178,0111111111
179,0111011111
180,13-01-0111
181,1111111111
182,2220220220
183,2020212021
184,2222222222
185,0202020202
186,2202020202
187,08-0300100
188,0301010101
189,2221222222
190,22-0220220
191,1111111111
192,2212212212
193,0301010101
194,2212121212
195,1010101010
196,0300101010
197,2222222222
198,0101010101
199,2202202202
200,0101010101
201,2020202020
202,1111111111
203,2202202202
204,2222222222
205,11-1111111
206,1201010101
207,11-1111111
208,18-01-0111
209,2222222222
210,1201202012
211,2220220220
212,0200000000
213,2202020202
214,1110110110
215,2202202202
216,0101010101
217,2212121212
218,2222222222
219,2220220220
220,2020202020
221,0200100100
222,2222222222
223,0200000000
224,2120212021
225,12-0110110
226,0201010101
227,1111111111
228,0200100100
229,0101010101
230,1111111111
231,0201010101
232,11-0111111
233,22-0220220
234,0200200200
235,11-0111111
236,0101010101
237,2222222222
238,1111111111
239,2020202020
240,2222222222
241,2020202020
242,22-0220220
243,0200100000
244,1010101010
245,2020202020
246,0700000000
247,2221222222
248,0000000000
249,22-1220220
250,0200000000
251,2202202202
252,0211111111
253,2202202202
254,0100100100
255,0202020202
256,0300100100
257,1202020202
258,0200200200
259,2220220220
260,2020202020
261,0100100100
262,2220220220
263,11-0111111
264,2222222222
265,2222222222
266,1111111111
267,0101010101
268,1111111111
269,0010101010
270,12-0210201
271,1202020202
272,2202202202
273,0110101010
274,1101010101
275,2222222222
276,0101010101
277,2222222222
278,0201010101
279,1111111111
280,2020202020
281,19-0101010
282,1111111111
283,1710101010
284,2222222222
285,0101010101
286,1211111111
287,0101010101
288,0201010101
289,2111211211
290,0701010101
291,2222222222
292,1211111111
293,0202020202
294,19-09-09-0
295,18-01-0110
296,2202120212
297,1710110110
298,0101010101
299,2222222222
300,2121212121
301,1111111111
302,2222222222
303,1710110110
304,2020202020
305,1111111111
306,11-1111111
307,0202020202
308,0201010101
309,2222222222
310,2222222222
311,1710101010
312,01-1111111
313,2220220220
314,01-1111111
315,0202020202
316,2202020202
317,2220222222
318,0210110110
319,2020202020
320,0201010101
321,2220220220
322,0101010101
323,2222222222
324,1210111111
325,2222222222
326,2220220220
327,11-1111111
328,1111111111
329,2221221222
330,0202020202
331,2020202020
332,0101010101
333,2212212121
334,2202202202
335,0200200200
336,2220220220
337,1111111111
338,29-02-02-0
339,2111211211
340,1211111111
341,0200202002
342,2212021202
343,2212121212
344,0101010101
345,2212121212
346,06-01-01-0
347,09-0101010
348,2222222222
349,1201201201
350,11-1111111
351,0100100100
352,0100100100
353,11-1111111
354,0200200200
355,1211211111
356,0201020201
357,1010101010
358,2222222222
359,2222222222
360,01-0101010
361,2202020202
362,2212121212
363,0200100100
364,0200000000
365,2020202020
366,0201010101
367,0200000000
368,1201201201
369,0010010010
370,2222222222
371,1111111111
372,0110101010
373,2202020202
374,01-0101010
375,2222222222
376,2222222222
377,2202020202
378,1111111111
379,0201010101
380,0101010101
381,2212121212
382,2121212121
383,0200100100
384,0301010101
385,18-0111111
386,1710111111
387,1211111111
388,2222222222
389,0010010010
390,2222222222
391,2222222222
392,2222222222
393,1202020202
394,0201010101
395,0101010101
396,2222222222
397,0200100100
398,2222222222
399,0300101010
400,09-09-09-0
401,2222222222
402,0201010101
403,2222222222
404,2020202020
405,19-019119-
406,0601010101
407,11-1111111
408,2222222222
409,1311111111
410,2202202202
411,1111111111
412,12-0211111
413,2212121212
414,2212121212
415,1911111111
416,1111111111
417,0300101010
418,0101010101
419,2212121212
420,2212121212
421,1301101101
422,18-0110101
423,1111111111
424,0101010101
425,1111111111
426,2222222222
427,12-1211111
428,1111111111
429,18-0111111
430,0101010101
431,0101010101
432,0301010101
433,2202020202
434,0101010101
435,2222222222
436,01-0101010
437,21-1211212
438,2220220220
439,1111111111
440,0101010101
441,2222222222
442,1212120212
443,0201010101
444,0000100100
445,2121212121
446,05-0301010
447,2222222222
448,0200101010
449,2202202202
450,1111111111
451,0000000000
452,2202202202
453,2222222222
454,11-1111111
455,11-0110110
456,0201010101
457,11-1111111
458,2222222222
459,2212212212
460,0101010101
461,0200202020
462,0211111111
463,0101010101
464,2020202020
465,18-01-01-0
466,0200200202
467,2222222222
468,0201010101
469,00-0000000
470,1301010101
471,2212212121
472,00-0000000
473,2222222222
474,0201010101
475,1110110110
476,1211111111
477,0202020202
478,2222222222
479,1111111111
480,2020202020
481,2212121212
482,1202020202
483,19-02-02-0
484,2222222222
485,2222222222
486,2222222222
487,2220220220
488,2220220220
489,1010101010
490,2121212121
491,11-0111111
492,0200200200
493,29-0291291
494,2212121212
495,09-0900900
496,0202020202
497,2220220220
498,2222222222
499,2222222222
500,2220220220
501,2212121212
502,2222222222
503,0101010101
504,2212121212
505,0101010101
506,2221222222
507,1111111111
508,2222222222
509,0201010101
510,0101010101
511,1111111111
512,1111111111
513,0200200200
514,2222222222
515,1010101010
516,1101010101
517,2212121212
518,11-1111111
519,0000000000
520,19-0111111
521,11-1111111
522,29-0220220
523,1710101010
524,0101010101
525,00-0000000
526,0101010101
527,2222222222
528,2222222222
529,0200200200
530,2222222222
531,11-1111111
532,2212202202
533,0101010101
534,0101010101
535,1111111111
536,2222222222
537,1410110101
538,0101010101
539,19-0110101
540,0101010101
541,1111111111
542,0201111111
543,2212121212
544,1111111111
545,12-1111111
546,1010101010
547,2222222222
548,1111111111
549,0600100100
550,2220220220
551,01-01-01-0
552,0101010101
553,0111111111
554,2222222222
555,2020202020
556,0101010101
557,2222222222
558,2202202202
559,0303030303
560,0101010101
561,0200200200
562,0201202012
563,0700100100
564,0101010101
565,1111111111
566,0200100100
567,0000000000
568,1211211111
569,0600100100
570,1201202020
571,0201010101
572,14-0210210
573,0601010101
574,0101010101
575,1111111111
576,0201010101
577,1710101010
578,01-0101010
579,2222222222
580,2222222222
581,1111111111
582,0200200200
583,2222222222
584,0301010101
585,2221222222
586,1201010101
587,2202020202
588,0101010101
589,0202020202
590,1010101010
591,1111111111
592,0201010101
593,1111111111
594,11-1111111
595,11-1111111
596,19-1111111
597,1211211211
598,0200101010
599,11-1111111
600,09-00-00-0
601,0201010101
602,0200200200
603,2212121212
604,1111111111
605,0301010101
606,0200101010
607,2220220220
608,2220220220
609,1211212121
610,0300100100
611,0201010101
612,0200101010
613,1111111111
614,0300101010
615,0700000000
616,1111111111
617,2020202020
618,0101010101
619,2202020202
620,2222222222
621,0200200200
622,2222222222
623,2222222222
624,0202020202
625,0202020202
626,0201010101
627,0101010101
628,2220220220
629,2222222222
630,19-01-0111
631,2121212121
632,2212121212
633,07-0101010
634,2212121212
635,0101010101
636,0200200200
637,2020202020
638,2202202202
639,0200101010
640,0300101001
641,09-09-09-0
642,06-0101010
643,09-0101010
644,1211111111
645,11-0110101
646,2111111111
647,2222222222
648,2222222222
649,2222222222
650,0101010101
651,09-01-01-0
652,0201010101
653,2222222222
654,2202202202
655,2212202202
656,0201010101
657,0101010101
658,2221222222
659,1401010101
660,1101010101
661,2220220220
662,01-1111111
663,2212121212
664,1201201201
665,0101010101
666,1711111111
667,2222222222
668,0200100100
669,2222222222
670,0200200200
671,2222222222
672,0101010101
673,0101010101
674,2222222222
675,01-0101010
676,05-0100100
677,0200000000
678,2202202202
679,2020202020
680,0101010101
681,1101010101
682,0300100000
683,1010101010
684,0200000000
685,0101010101
686,0200100100
687,17-0110101
688,2202020202
689,2202202202
690,0201010101
691,0000000000
692,2222222222
693,1111111111
694,2222222222
695,2020202020
696,0101010101
697,01-1111111
698,12-0210110
699,0101010101
700,0101010101
701,0201010101
702,19-0111111
703,0101010101
704,0101010101
705,0101010101
706,2222222222
707,2222222222
708,2222222222
709,2222222222
710,0100100100
711,1211111111
712,1211311311
713,2912121212
714,1212121212
715,0101010101
716,1111111111
717,2222222222
718,1111111111
719,11-0111111
720,2212121212
721,0201010101
722,2222222222
723,2020202020
724,0201010101
725,2221222222
726,2222222222
727,0101010101
728,1710101010
729,0200101001
730,2202020202
731,09-0100100
732,0201020102
733,0202020202
734,0101010101
735,2222222222
736,2222222222
737,0201010101
738,11-0111111
739,0101010101
740,0201010101
741,2020202020
742,1301010101
743,2202020202
744,2222222222
745,0200000000
746,2212212121
747,11-1111111
748,19-0111111
749,0110101010
750,0200200200
751,2222222222
752,2220222222
753,11-1111111
754,0300100100
755,2221221212
756,1010101010
757,2222222222
758,0110110110
759,2222222222
760,2222222222
761,1010101010
762,1111111111
763,0201010101
764,0201010101
765,11-1111111
766,11-0111111
767,1211211111
768,0201010101
769,2020212021
770,0300100100
771,0201010101
772,2222222222
773,21-1211211
774,2020202020
775,19-0111111
776,01-1111111
777,1211111111
778,2222222222
779,0201010101
780,2222222222
781,2222222222
782,0101010101
783,2020202020
784,0101010101
785,1710101010
786,2222222222
787,0200100100
788,1111111111
789,2212121212
790,1111111111
791,0201010101
792,0101010101
793,2222222222
794,2020202020
795,2202202202
796,2222222222
797,1111111111
798,22-0212021
799,2222222222
800,16-0111111
801,1710101010
802,2222222222
803,0202020202
804,11-1111111
805,1111111111
806,0201020102
807,22-0220220
808,2212121212
809,0101010101
810,0202020202
811,2222222222
812,02-1011011
813,0201010101
814,0600100100
815,0201010101
816,2212121212
817,0101010101
818,2222222222
819,0201010101
820,0200200200
821,0200200000
822,11-1111111
823,09-09-09-0
824,1111111111
825,2020202020
826,2222222222
827,0200200200
828,0101010101
829,2020202020
830,01-0101010
831,0101010101
832,2222222222
833,0101010101
834,2222222222
835,0200200200
836,2220220220
837,0201010101
838,0201010101
839,1111111111
840,0100100100
841,0200000000
842,2202202202
843,1111111111
844,19-1191191
845,2222222222
846,2020202020
847,1010101010
848,0101010101
849,1301101101
850,1110110101
851,2222222222
852,2222222222
853,2020202020
854,00-0100100
855,2202020202
856,11-0111111
857,15-0111111
858,11-1110110
859,2020202020
860,11-1111111
861,01-1111111
862,0301010101
863,2222222222
864,2212121212
865,2222222222
866,0200200202
867,0100100100
868,0200200200
869,01-1111111
870,2202020202
871,0101010101
872,13-11-1111
873,0101010101
874,0200200200
875,16-0111111
876,0101010101
877,2220220220
878,0201010101
879,1010101010
880,1211111111
881,0200000000
882,2222222222
883,2020202020
884,0200200200
885,00-00-00-0
886,11-0111011
887,11-0111011
888,2222222222
889,0101010101
890,2222222222
891,2220222222
892,11-11-1111
893,2020202020
894,0200200000
895,2222222222
896,0201010101
897,0200100100
898,0110110101
899,15-0110110
900,0201010101
901,0101010101
902,0202020202
903,2222222222
904,0202020202
905,0100101010
906,1311311311
907,2020202020
908,14-0201202
909,0110110110
910,09-09-09-0
911,2202020202
912,2222222222
913,1211111111
914,2222222222
915,2020202020
916,11-1111111
917,0200000000
918,2222222222
919,2222222222
920,2222222222
921,2222222222
922,2020202020
923,0101010101
924,15-0110110
925,2220222222
926,0101010101
927,1110111111
928,0601010101
929,0101010101
930,17-0201010
931,0200000000
932,01-1111111
933,2020202020
934,2021202120
935,1010101010
936,0201010101
937,0201010101
938,0200100100
939,0101010101
940,2020202020
941,0201010101
942,2212121212
943,11-1111111
944,2222222222
945,2222222222
946,2222222222
947,2220220220
948,06-0600600
949,2202202202
950,11-1111111
951,22-0220220
952,2121212121
953,0201010101
954,19-0111111
955,2222222222
956,2222222222
957,2212121212
958,01-1111111
959,2222222222
960,0101010101
961,2222222222
962,0201010101
963,0101010101
964,1301101010
965,0201020101
966,2220220220
967,0101010101
968,0201010101
969,0202020202
970,11-0111111
971,0200100000
972,2212021212
973,2220220220
974,1111111111
975,2222222222
976,0200000000
977,0200000000
978,1010101010
979,1710101010
980,1010101010
981,2212121212
982,11-1111111
983,1110111111
984,18-0101010
985,2020202020
986,2202202202
987,1111111111
988,0200100100
989,18-0111111
990,0200000000
991,0202020202
992,1301010101
993,1111111111
994,0201101101
995,0200100100
996,1201020202
997,2212212121
998,2121212121
999,0200200100
1000,2222222222
1001,2020202020
1002,1111111111
1003,2212121212
1004,11-0110101
1005,15-0110110
1006,1111111111
1007,2222222222
1008,2222222222
1009,2202202202
1010,2202020202
1011,2222222222
1012,1111111111
1013,2222222222
1014,1010101010
1015,1710101010
1016,0101010101
1017,0300100100
1018,06-0300100
1019,0201010101
1020,0000000000
1021,2212121212
1022,0201010101
1023,1111111111
1024,08-0301010
1025,0200000000
1026,0303030303
1027,0000000000
1028,2222222222
1029,0201010101
1030,0200200200
1031,09-0101010
1032,0301010101
1033,1211111111
1034,0101010101
1035,11-1111111
1036,2222222222
1037,2020202020
1038,1210110110
1039,2020202020
1040,0101010101
1041,2222222222
1042,11-1111111
1043,17-0201010
1044,2222222222
1045,2222222222
1046,2202202202
1047,2202202202
1048,00-0000000
1049,1211111111
1050,0101010101
1051,11-1111111
1052,2222222222
1053,2221222222
1054,2202202202
1055,2111111111
1056,2222222222
1057,2212121212
1058,0200101010
1059,11-1111111
1060,11-0110110
1061,2020202020
1062,2222222222
1063,2222222222
1064,0101010101
1065,1201010201
1066,2222222222
1067,0200000000
1068,0202020202
1069,2202202202
1070,15-0111111
1071,2222222222
1072,0700100100
1073,1111111111
1074,0600100100
1075,1111111111
1076,11-1111111
1077,00-0000000
1078,1111111111
1079,17-0210120
1080,2222222222
1081,2222222222
1082,02-1020101
1083,2222222222
1084,11-0110111
1085,2222222222
1086,0300100100
1087,11-1111111
1088,0202020202
1089,0200201010
1090,11-1111111
1091,2220220220
1092,2220222222
1093,0201010101
1094,11-1111111
1095,0200100100
1096,0111111111
1097,0100100100
1098,2222222222
1099,2222222222
1100,2202020202
1101,0200000000
1102,0600100100
1103,0300101010
1104,0200101010
1105,2222222222
1106,0201010101
1107,0700100100
1108,0101010101
1109,2202202202
1110,2020202020
1111,2222222222
1112,2220220220
1113,1201101010
1114,0110110110
1115,2020202020
1116,11-1111111
1117,11-1111111
1118,1301010101
1119,0201010101
1120,1211111111
1121,2222222222
1122,2202020202
1123,2212121212
1124,2020202020
1125,0200000000
1126,01-0101010
1127,2202202202
1128,0210201111
1129,1212121212
1130,1211111111
1131,1310110111
1132,00-0000000
1133,2220222222
1134,2202020202
1135,0101010101
1136,2202020202
1137,0201010101
1138,1710110110
1139,0200000000
1140,14-0201010
1141,0202020202
1142,2220220220
1143,1810111111
1144,0200100100
1145,0201010101
1146,1111111111
1147,2222222222
1148,19-11-1111
1149,21-1211111
1150,2222222222
1151,1111111111
1152,0101010101
1153,0303030303
1154,1201201201
1155,2212121212
1156,0202020202
1157,2222222222
1158,0203030303
1159,2212021212
1160,2222222222
1161,2222222222
1162,2222222222
1163,0201010101
1164,0100100100
1165,0600100100
1166,0101010101
1167,0100100101
1168,1710110110
1169,2121212121
1170,0900100100
1171,2020202020
1172,0200101010
1173,2220220220
1174,0200101010
1175,2121212121
1176,1201020201
1177,2222222222
1178,1211111111
1179,0201010101
1180,1111111111
1181,1010101010
1182,1111111111
1183,2222222222
1184,2222222222
1185,0201010101
1186,1010101010
1187,0201010101
1188,2222222222
1189,1211111111
1190,2222222222
1191,1111111111
1192,2220220220
1193,0200100000
1194,2222222222
1195,0200200200
1196,2222222222
1197,0111111111
1198,2121212121
1199,0101010101
1200,0211111111
1201,2220220220
1202,2222222222
1203,0300101010
1204,0111111111
1205,1010101010
1206,2220220220
1207,13-0311311
1208,1111111111
1209,0201010101
1210,0101010101
1211,1201201201
1212,1110110110
1213,0202020202
1214,2222222222
1215,1710111111
1216,2202202202
1217,0111111111
1218,11-1111111
1219,1201020101
1220,2220220220
1221,1210211211
1222,11-0110111
1223,21-1211212
1224,01-0101010
1225,22-0220220
1226,11-0101010
1227,2222222222
1228,0200200200
1229,2121212121
1230,0301010101
1231,00-0100100
1232,1010101010
1233,1111111111
1234,2212121212
1235,0101010101
1236,0101010101
1237,0201101101
1238,10-0101010
1239,2212121212
1240,2121212121
1241,2020202020
1242,1210202020
1243,1111111111
1244,2221222222
1245,1710101010
1246,2121212121
1247,0201010101
1248,0101010101
1249,0101010101
1250,0101010101
1251,2220220220
1252,1110111111
1253,2312121212
1254,0201010101
1255,0701010101
1256,2222222222
1257,0000100001
1258,2222222222
1259,2222222222
1260,11-0110101
1261,2121212121
1262,2212121212
1263,0200200200
1264,1010101010
1265,0300100100
1266,11-1111111
1267,2222222222
1268,2222222222
1269,2202020202
1270,2212212121
1271,0202020202
1272,0101010101
1273,0101010101
1274,0201010101
1275,22-0222222
1276,19-0111111
1277,0200000000
1278,0201010101
1279,2021212121
1280,0200000000
1281,2222222222
1282,2112121121
1283,0201010101
1284,2220220220
1285,2220220220
1286,0101010101
1287,2222222222
1288,2202202202
1289,11-0110110
1290,2220220220
1291,0201010101
1292,1211111111
1293,2202202202
1294,2222222222
1295,05-01-01-0
1296,0200100100
1297,0200200000
1298,0101010101
1299,2202202202
1300,0201010101
1301,2020202020
1302,0200000000
1303,2202202202
1304,2020202020
1305,11-1111111
1306,1311311311
1307,0100101010
1308,2212121212
1309,11-1111111
1310,29-0212020
1311,2121212121
1312,2222222222
1313,2222222222
1314,00-0000000
1315,2020202020
1316,2121212121
1317,11-1111111
1318,0201010201
1319,2222222222
1320,0202020202
1321,2222222222
1322,0600100100
1323,2222222222
1324,01-1111111
1325,2222222222
1326,0101010101
1327,0301010101
1328,0101010101
1329,2202202202
1330,0101010101
1331,2202202202
1332,2222222222
1333,1111111111
1334,2222222222
1335,0201010101
1336,2202020202
1337,1111111111
1338,2212121212
1339,0200200200
1340,11-1111111
1341,0101010101
1342,2222222222
1343,2222222222
1344,0101010101
1345,00-0010010
1346,2222222222
1347,2221221221
1348,2222222222
1349,2222222222
1350,0200100100
1351,2222222222
1352,2222222222
1353,0101010101
1354,2222222222
1355,2220220220
1356,1111111111
1357,11-1111111
1358,0100100100
1359,2312121212
1360,2020202020
1361,0101010101
1362,2121212121
1363,2222222222
1364,2202202202
1365,0200909090
1366,2222222222
1367,1111111111
1368,0301010101
1369,1111111111
1370,0101010101
1371,0200100101
1372,0101010101
1373,2020202020
1374,0101010101
1375,14-0201010
1376,0201010101
1377,0601010101
1378,2020202020
1379,1211111111
1380,0101010101
1381,1111111111
1382,0200201020
1383,2202020202
1384,0200200200
1385,0000000000
1386,0301010101
1387,1111111111
1388,09-01-0101
1389,11-0111111
1390,0900900900
1391,2212212212
1392,1311311111
1393,1111111111
1394,19-09-09-0
1395,2220220220
1396,0200101010
1397,1111111111
1398,2212121212
1399,12-1111111
1400,2222222222
1401,2222222222
1402,2020202020
1403,2222222222
1404,0101010101
1405,2020202020
1406,0200200200
1407,2202020202
1408,0101010101
1409,0101010101
1410,1111111111
1411,0301010101
1412,29-02-0220
1413,2222222222
1414,11-1111111
1415,2212121212
1416,2220220220
1417,1010101010
1418,0200000000
1419,2220220220
1420,2020202020
1421,1010101010
1422,2222222222
1423,2222222222
1424,2212121212
1425,2222222222
1426,2222222222
1427,1301301101
1428,2112121212
1429,2222222222
1430,2212121212
1431,1211111111
1432,11-0111111
1433,19-11-1111
1434,2020202020
1435,0100100100
1436,19-11-1111
1437,0301010101
1438,2121212121
1439,11-1111111
1440,0202020202
1441,0101010101
1442,2020202020
1443,2221221221
1444,0202020202
1445,2222222222
1446,0301010101
1447,2202202202
1448,2220220220
1449,0200100100
1450,0000000000
1451,2202202202
1452,2020202020
1453,0200000000
1454,2222222222
1455,2220220222
1456,01-0101010
1457,2220220220
1458,1810101010
1459,0101010101
1460,0300100100
1461,0101010101
1462,11-1111111
1463,2202020202
1464,0201010101
1465,10-01-01-0
1466,0601010101
1467,2222222222
1468,1110110110
1469,0201010101
1470,0201010101
1471,1211111111
1472,2020202020
1473,0101010101
1474,2222222222
1475,2220220220
1476,0300101010
1477,0200100100
1478,09-09-09-0
1479,2220220220
1480,0100100101
1481,0101010101
1482,0200200200
1483,0600000000
1484,11-1111111
1485,2202202202
1486,2222222222
1487,2222222222
1488,1211111111
1489,12-1111111
1490,0201010101
1491,0201010101
1492,0000100000
1493,2221221221
1494,2020202020
1495,0110111011
1496,0101010101
1497,0101010101
1498,1010201010
1499,2222222222
1500,14-0110110
1501,0202020202
1502,09-11-1111
1503,22-0220220
1504,0200202020
1505,0100101010
1506,2020202020
1507,01-1111011
1508,01-1111111
1509,0300100101
1510,2020202020
1511,0201020102
1512,0201010101
1513,2121212121
1514,2222222222
1515,0101010101
1516,2212121212
1517,0111111111
1518,2020202020
1519,11-1111111
1520,2020202020
1521,0200200200
1522,0900909090
1523,0201010101
1524,0201010101
1525,0300100100
1526,1211111111
1527,0200200200
1528,0200100100
1529,0101010101
1530,0000000000
1531,0101010101
1532,2020202020
1533,2202202202
1534,2222222222
1535,2222222222
1536,2221221221
1537,06-01-01-0
1538,00-0000000
1539,0200200200
1540,2222222222
1541,0200000000
1542,1111111111
1543,2222222222
1544,2020202020
1545,2220222222
1546,1101010101
1547,0201101101
1548,0701010101
1549,09-0101010
1550,0100100100
1551,1111111111
1552,0202020202
1553,0000100100
1554,0301010101
1555,0010010010
1556,2202202202
1557,0200101010
1558,0210111011
1559,1211111111
1560,1201010101
1561,2222222222
1562,0100101010
1563,2222222222
1564,2222222222
1565,0111111111
1566,0200100000
1567,0101010101
1568,0202020202
1569,2020202020
1570,2020202020
1571,2020202020
1572,2020202020
1573,0000000000
1574,2020202020
1575,11-1111111
1576,2220220220
1577,0200200200
1578,0201010101
1579,2202020202
1580,1311111111
1581,1211111111
1582,1101010101
1583,0101010101
1584,2202202202
1585,0201010101
1586,0201010101
1587,0202020202
1588,1111111111
1589,0200200200
1590,2222222222
1591,1202020202
1592,2222222222
1593,09-0200000
1594,0101010101
1595,0200200200
1596,1211111111
1597,0000000000
1598,2220222222
1599,2220220220
1600,0200200200
1601,2222222222
1602,0101010101
1603,02-1201201
1604,2222222222
1605,2222222222
1606,0101010101
1607,0300100100
1608,2220220222
1609,2222222222
1610,2222222222
1611,0201010101
1612,0201010101
1613,0303030303
1614,0201010101
1615,2020202020
1616,2020202020
1617,2220220220
1618,01-1010101
1619,11-1111111
1620,01-1111111
1621,11-1111111
1622,1010101010
1623,2020202020
1624,11-1111111
1625,0100100100
1626,11-1111111
1627,11-1111111
1628,2222222222
1629,2020202020
1630,2011111111
1631,0200200200
1632,0101010101
1633,11-1111111
1634,18-0110110
1635,2222222222
1636,1111111111
1637,2220220220
1638,2212212121
1639,2222222222
1640,0303030303
1641,2222222222
1642,1110110110
1643,2020202020
1644,2222222222
1645,0101010101
1646,01-0101010
1647,0201010101
1648,2222222222
1649,2222222222
1650,2221222222
1651,22-0220220
1652,2220220220
1653,19-0191111
1654,1111111111
1655,2220220220
1656,2222222222
1657,2020202020
1658,2220220220
1659,2020202020
1660,0200100100
1661,0201010101
1662,0202020202
1663,0200101001
1664,2222222222
1665,0101010101
1666,2222222222
1667,2202202202
1668,0000000000
1669,0101010101
1670,2222222222
1671,2220220220
1672,0211111111
1673,0101010101
1674,2222222222
1675,0101010101
1676,0201010101
1677,2220220220
1678,2222222222
1679,0200200200
1680,0101010101
1681,0200100100
1682,0202020202
1683,2020202020
1684,1111111111
1685,2121212121
1686,0200200200
1687,1111111111
1688,16-0111111
1689,2020202020
1690,2222222222
1691,1710110110
1692,11-1111111
1693,2222222222
1694,0101010101
1695,2212121212
1696,2222222222
1697,2222222222
1698,2220222222
1699,2222222222
1700,0201010101
1701,0200200100
1702,2202202202
1703,0201010101
1704,0202020202
1705,2220220220
1706,2222222222
1707,2212121212
1708,0101010101
1709,0210110110
1710,0101010101
1711,2222222222
1712,0201010101
1713,0101010101
1714,0101010101
1715,0201020202
1716,2202202202
1717,0200200200
1718,11-1111111
1719,02-0201010
1720,0201010101
1721,2202020202
1722,0101010101
1723,1111111111
1724,0303030303
1725,1201101101
1726,2121212121
1727,2202020202
1728,2222222222
1729,1710101010
1730,2202020202
1731,0303030303
1732,1201201201
1733,0201010101
1734,1201101101
1735,0201010101
1736,0101010101
1737,0101010101
1738,11-0111111
1739,0200200200
1740,0202020202
1741,2222222222
1742,2202202202
1743,2222222222
1744,0201010101
1745,1111111111
1746,2112121212
1747,0201010101
1748,2202202202
1749,09-0101010
1750,0200000000
1751,0600100100
1752,01-0101010
1753,0201010101
1754,2222222222
1755,0300100100
1756,11-0111111
1757,2222222222
1758,2020202020
1759,12-1201111
1760,1111111111
1761,1111111111
1762,09-09-09-0
1763,0101010101
1764,15-0110101
1765,0101010101
1766,0202020202
1767,1211111111
1768,2222222222
1769,2212121212
1770,0101010101
1771,0200200200
1772,1211111111
1773,0000000000
1774,0200200200
1775,0201010101
1776,1211211211
1777,1211211111
1778,1202020202
1779,22-0220220
1780,0101010101
1781,0101010101
1782,0202020202
1783,2222222222
1784,2212120212
1785,2222222222
1786,0200100100
1787,11-0111111
1788,0000100100
1789,0200101010
1790,14-0111111
1791,11-1111111
1792,2020202020
1793,2222222222
1794,2212212121
1795,2220220220
1796,2020202020
1797,1111111111
1798,2212121212
1799,11-0110110
1800,2222222222
1801,2222222222
1802,0000000000
1803,02-0201020
1804,0101010101
1805,2220220220
1806,0101010101
1807,2222222222
1808,1111111111
1809,0301010101
1810,1201201201
1811,2212121212
1812,0101010101
1813,0202020202
1814,1211111111
1815,2220220222
1816,1111111111
1817,01-0101010
1818,11-1111111
1819,0101010101
1820,1211111111
1821,2020202020
1822,0200101010
1823,1010101010
1824,0301010101
1825,2020202020
1826,01-1111111
1827,0101010101
1828,0110111011
1829,0101010101
1830,0202020202
1831,0101010101
1832,11-11-1111
1833,2222222222
1834,0101010101
1835,0101010101
1836,2222222222
1837,0200100000
1838,2220220220
1839,0101010101
1840,2222222222
1841,18-0210101
1842,0201010101
1843,0200200200
1844,11-0110110
1845,0010010010
1846,2222222222
1847,22-2222222
1848,00-0000000
1849,0101010101
1850,0201010101
1851,2212212212
1852,0000000000
1853,2220220220
1854,0111111111
1855,0201010101
1856,2222222222
1857,0200200200
1858,0201010101
1859,2222222222
1860,09-0100100
1861,1111111111
1862,2220220220
1863,0101010101
1864,2220220220
1865,0301010101
1866,0900000000
1867,2020202020
1868,2222222222
1869,2220220220
1870,0101010101
1871,2121211211
1872,2222222222
1873,1111111111
1874,2212121212
1875,05-0300101
1876,1211111111
1877,1210111111
1878,2212121212
1879,1211111111
1880,2222222222
1881,0201010101
1882,11-1111111
1883,2020202020
1884,01-1111111
1885,0200200200
1886,0300100100
1887,2222222222
1888,0301010101
1889,0201010101
1890,1110111111
1891,17-0101010
1892,1211211211
1893,1111111111
1894,19-0191110
1895,23-0220230
1896,2222222222
1897,0101010101
1898,2222222222
1899,1111111111
1900,1111111111
1901,1111111111
1902,2222222222
1903,0201010101
1904,11-0110110
1905,1710110110
1906,0201010101
1907,0101010101
1908,2222222222
1909,1710101010
1910,11-0111111
1911,1211111111
1912,1410101010
1913,11-1111111
1914,1211211211
1915,0200101010
1916,2222222222
1917,0200100101
1918,0101010101
1919,01-1111111
1920,0000000000
1921,18-01-0101
1922,0200000000
1923,1211111111
1924,2222222222
1925,0200000000
1926,0101010101
1927,2020202020
1928,13-0310130
1929,2212021202
1930,0101010101
1931,2222222222
1932,2220221221
1933,2020202020
1934,2220220220
1935,0000000000
1936,1611111111
1937,06-0101010
1938,2222222222
1939,2220220220
1940,19-0111111
1941,1110111111
1942,2020202020
1943,0101010101
1944,11-1111111
1945,0101010101
1946,2120212121
1947,0201010201
1948,10-0101010
1949,0202020202
1950,1711111111
1951,0101010101
1952,2020202020
1953,1710110111
1954,1111111111
1955,0200200200
1956,0202020202
1957,0301010101
1958,2222222222
1959,1111111111
1960,2222222222
1961,0101010101
1962,19-0111111
1963,2020202020
1964,2222222222
1965,0101010101
1966,2222222222
1967,2220220220
1968,0202020202
1969,2020202020
1970,0101010101
1971,19-01-01-0
1972,0101010101
1973,2212121212
1974,1111111111
1975,0201010101
1976,0203030303
1977,0101010101
1978,00-0000000
1979,2222222222
1980,1111111111
1981,2020202020
1982,2222222222
1983,0900900900
1984,0101010101
1985,0200000000
1986,18-0101010
1987,2222222222
1988,1301111111
1989,2212121212
1990,2212121212
1991,0101010101
1992,2212121212
1993,0101010101
1994,0200200100
1995,2111211211
1996,2220220220
1997,2020202020
1998,2220220220
1999,1601010101
2000,2222222222
2001,1710110110
2002,0200100100
2003,0101010101
2004,2222222222
2005,2220220220
2006,14-0110101
2007,0701010101
2008,2222222222
2009,1301101010
2010,0101010101
2011,0101010101
2012,1201202012
2013,2202202202
2014,1211211212
2015,0201010101
2016,0101010101
2017,01-0101010
2018,0101010101
2019,2222222222
2020,2222222222
2021,0101010101
2022,2222222222
2023,2121212121
2024,0202020202
2025,2111111111
2026,0200100100
2027,0110101010
2028,2020202020
2029,18-01-01-0
2030,0201010110
2031,1111111111
2032,0101010101
2033,05-0300100
2034,0200200200
2035,0200100100
2036,0201010101
2037,0201010110
2038,2222222222
2039,2222222222
2040,2222222222
2041,0101010101
2042,11-0110110
2043,0101010101
2044,0101010101
2045,1010101010
2046,1010101010
2047,0202020202
2048,2222222222
2049,2222222222
2050,0101010101
2051,0111111111
2052,1211111111
2053,0101010101
2054,0200000000
2055,2202202202
2056,2222222222
2057,0101010101
2058,2222222222
2059,2222222222
2060,0200000000
2061,2020202020
2062,2020202020
2063,2202202202
2064,1111111111
2065,0000000000
2066,2020202020
2067,18-0111111
2068,0200100100
2069,1111111111
2070,2222222222
2071,0101010101
2072,0300100100
2073,1111111111
2074,1301010101
2075,2121212121
2076,2020202020
2077,2222222222
2078,27-0220202
2079,0010101010
2080,1201101010
2081,2020202020
2082,0200200200
2083,1211111111
2084,19-0110101
2085,2121212121
2086,0201010101
2087,1111111111
2088,2020202020
2089,2222222222
2090,0101010101
2091,18-01-01-0
2092,0101010101
2093,11-1111111
2094,09-00-00-0
2095,1010101010
2096,0010101010
2097,2121212121
2098,2020202020
2099,11-1111111
2100,0101010101
2101,1010101010
2102,2222222222
2103,0101010101
2104,2212121212
2105,19-0291291
2106,0000000000
2107,2020202020
2108,2222222222
2109,0601010101
2110,2220220222
2111,11-11-11-1
2112,2020202020
2113,0100100100
2114,0100101010
2115,0600100100
2116,2222222222
2117,2212121212
2118,0201010101
2119,2222222222
2120,2020202020
2121,0201010101
2122,2202020202
2123,1111111111
2124,1301010101
2125,0200000000
2126,2121211211
2127,0110110101
2128,0000000000
2129,22-1221212
2130,0201010101
2131,2020202020
2132,0101010101
2133,0200202020
2134,2222222222
2135,0101010101
2136,2202202202
2137,0201010101
2138,0201010101
2139,2020202020
2140,2020202020
2141,2222222222
2142,0200000000
2143,2212212121
2144,0201010101
2145,0000000000
2146,0701010101
2147,2222222222
2148,2222222222
2149,0201010101
2150,2222222222
2151,16-0110101
2152,21-1211111
2153,0101010101
2154,0201020101
2155,2202202202
2156,2121211212
2157,1111111111
2158,01-1010101
2159,19-0111111
2160,0200200200
2161,11-1111111
2162,0101010101
2163,0200200200
2164,1111111111
2165,0101010101
2166,1111111111
2167,2202020202
2168,0200101010
2169,2202202202
2170,1111111111
2171,2222222222
2172,0000000000
2173,0701010101
2174,0101010101
2175,0201020201
2176,2121212121
2177,0300100100
2178,1111111111
2179,2222222222
2180,11-1111111
2181,0200200200
2182,1111111111
2183,0201010101
2184,0301010101
2185,11-1111111
2186,11-1111111
2187,2121212121
2188,14-0202020
2189,2212212212
2190,29-02-02-0
2191,2222222222
2192,1010101010
2193,2121212121
2194,0101010101
2195,2222222222
2196,1110110110
2197,0111111111
2198,09-09-09-0
2199,0201010101
2200,0100100100
2201,0201010101
2202,2220220220
2203,1111111111
2204,0201020101
2205,16-0111111
2206,2222222222
2207,0100101010
2208,0101010101
2209,2222222222
2210,0101010101
2211,0201010101
2212,0000000000
2213,1211111111
2214,0101010101
2215,18-0110101
2216,0200000000
2217,0200100100
2218,0301010101
2219,2121212121
2220,0201010101
2221,12-1211111
2222,11-0111111
2223,01-1011011
2224,11-0111111
2225,1110110110
2226,0202020202
2227,11-1111111
2228,0000000000
2229,2111211211
2230,2222222222
2231,0202020202
2232,2222222222
2233,2020202020
2234,2111211211
2235,0202020202
2236,2222222222
2237,00-0100100
2238,0101010101
2239,0200200200
2240,2020202020
2241,14-0110101
2242,0600000000
2243,0201020202
2244,2202020202
2245,2220220220
2246,0600101010
2247,0101010101
2248,2222222222
2249,1111111111
2250,1111111111
2251,0000000000
2252,2212121212
2253,0200200200
2254,2202202202
2255,1111111111
2256,0010010010
2257,0101010101
2258,0101010101
2259,1101010101
2260,2222222222
2261,0000000000
2262,09-09-01-0
2263,0600601001
2264,0101010101
2265,0600100100
2266,19-0110110
2267,1010101010
2268,2222222222
2269,1111111111
2270,0201010101
2271,0101010101
2272,0201020102
2273,0200200200
2274,1202102021
2275,2222222222
2276,0000000000
2277,2020212020
2278,09-00-0000
2279,11-1111111
2280,2222222222
2281,2222222222
2282,2202020202
2283,0201010101
2284,18-01-01-0
2285,1111111111
2286,2121212121
2287,2222222222
2288,2212212212
2289,22-0220220
2290,0201010101
2291,2020202020
2292,0101010101
2293,2222222222
2294,0201010101
2295,01-1010101
2296,2111111111
2297,12-1211111
2298,0201010110
2299,0202020202
2300,0101010101
2301,22-0220202
2302,1710101010
2303,11-0111111
2304,0701010101
2305,1111111111
2306,2020202020
2307,2020202020
2308,2220220220
2309,0101010101
2310,2212121212
2311,1211111111
2312,2222222222
2313,1310111111
2314,2222222222
2315,1111111111
2316,2220220220
2317,2222222222
2318,2212121212
2319,2212121212
2320,2222222222
2321,2222222222
2322,2222222222
2323,15-0110110
2324,0200000000
2325,2222222222
2326,1010101010
2327,2202020202
2328,1110111111
2329,0100100001
2330,1211111111
2331,18-01-01-0
2332,2222222222
2333,08-0300800
2334,1111111111
2335,1201010101
2336,1202020202
2337,0202020202
2338,0200100100
2339,0101010101
2340,0101010101
2341,0201010101
2342,1202020202
2343,2020202020
2344,0201010101
2345,09-09-09-0
2346,2020202020
2347,15-0110101
2348,2220220220
2349,2220220220
2350,0201010101
2351,14-0110110
2352,1111111111
2353,1211111111
2354,1111111111
2355,14-0202020
2356,2202020202
2357,0101010101
2358,0200000000
2359,2222222222
2360,1111111111
2361,1111111111
2362,1110110110
2363,2222222222
2364,01-0101010
2365,0010101010
2366,0201010101
2367,09-0101010
2368,2222222222
2369,0200200200
2370,0101010101
2371,1210210111
2372,1201202012
2373,02-0303030
2374,11-1111111
2375,1211211211
2376,0202020202
2377,1111111111
2378,2222222222
2379,0000000000
2380,0101010101
2381,17-0101010
2382,0200200200
2383,2222222222
2384,2220220220
2385,2021212121
2386,11-0111111
2387,0000000000
2388,09-01-01-0
2389,0211111111
2390,1010101010
2391,00-0100100
2392,1010101010
2393,1111111111
2394,2222222222
2395,01-1010101
2396,2212121212
2397,1111111111
2398,2020202020
2399,0111111111
2400,2202202202
2401,2202020202
2402,2020202020
2403,1111111111
2404,0000000000
2405,2220220220
2406,0100101001
2407,0111011111
2408,2222222222
2409,1211111111
2410,2222222222
2411,2202202202
2412,0600100000
2413,0200200200
2414,1311111111
2415,01-0101010
2416,11-1111111
2417,1111111111
2418,1201010101
2419,0200000000
2420,0200000000
2421,2222222222
2422,13-0211311
2423,0200100100
2424,2202202202
2425,2222222222
2426,0101010101
2427,0201101101
2428,0200200100
2429,2222222222
2430,1111111111
2431,0101010101
2432,07-0101010
2433,0101010101
2434,14-0210111
2435,0101010101
2436,2222222222
2437,15-0111111
2438,2222222222
2439,0101010101
2440,2222222222
2441,0201110201
2442,0101010101
2443,2220220220
2444,0200200200
2445,2222222222
2446,0101010101
2447,0201010101
2448,0101010101
2449,0200201020
2450,0000000000
2451,1210212021
2452,0101010101
2453,01-0101010
2454,14-0201020
2455,0101010101
2456,0101010101
2457,2020202020
2458,0101010101
2459,0101010101
2460,0200000000
2461,2222222222
2462,2222222222
2463,1710110110
2464,0600100100
2465,2222222222
2466,2222222222
2467,2212212212
2468,1710110111
2469,2020202020
2470,1111111111
2471,2020202020
2472,1111111111
2473,2111211211
2474,2222222222
2475,08-0300100
2476,2222222222
2477,11-1111111
2478,2222222222
2479,2021212121
2480,0100101001
2481,0101010101
2482,10-0201020
2483,0202020202
2484,2222222222
2485,2222222222
2486,1311111111
2487,2222222222
2488,0301010101
2489,0201010101
2490,2222222222
2491,0101010101
2492,0201010101
2493,11-1111111
2494,14-0202020
2495,2212121212
2496,19-09-09-0
2497,2202202202
2498,0300101010
2499,2222222222
2500,0101010101
2501,1111111111
2502,09-0300100
2503,0101010101
2504,07-1010101
2505,2222222222
2506,0201010101
2507,0110110110
2508,0200100100
2509,14-0110101
2510,19-01-01-0
2511,0101010101
2512,11-1111111
2513,0600100100
2514,0101010101
2515,09-01-0101
2516,2202202202
2517,11-1111111
2518,0200200200
2519,0201010101
2520,0111111111
2521,0101010101
2522,2202202202
2523,0201010201
2524,1101010101
2525,0101010101
2526,0301010101
2527,2222222222
2528,11-1111111
2529,0200200200
2530,06-0300100
2531,2020202020
2532,2222222222
2533,1110111111
2534,18-0101010
2535,11-1111111
2536,0201010101
2537,0000000000
2538,0101010101
2539,2212212121
2540,01-1010101
2541,0201010101
2542,00-0000000
2543,0101010101
2544,2220220220
2545,0200200200
2546,1111111111
2547,0700100000
2548,1010101010
2549,0202020202
2550,0201010101
2551,1111111111
2552,0201010101
2553,0201010101
2554,11-0110110
2555,0101010101
2556,2220222222
2557,2222222222
2558,2222222222
2559,1110110110
2560,1010101010
2561,2222222222
2562,2222222222
2563,0201010101
2564,1111111111
2565,0101010101
2566,1111111111
2567,11-1111111
2568,18-0101010
2569,0202020202
2570,16-0111111
2571,11-1111111
2572,12-0212121
2573,2222222222
2574,12-1111111
2575,0200200200
2576,2222222222
2577,0200000000
2578,0111111111
2579,0601010101
2580,0200200200
2581,2222222222
2582,0101010101
2583,1010101010
2584,0700000000
2585,2222222222
2586,2222222222
2587,1111111111
2588,1111111111
2589,19-09-09-0
2590,11-0111111
2591,2212121212
2592,1201201201
2593,0201010101
2594,1301111111
2595,0201010101
2596,2222222222
2597,0100101010
2598,0101010101
2599,0200000000
2600,2202020202
2601,02-1201202
2602,2222222222
2603,0000000000
2604,0101010101
2605,2222222222
2606,0200000000
2607,0201020201
2608,0101010101
2609,0101010101
2610,2202202202
2611,00-0010010
2612,2220220220
2613,0201010101
2614,0600100100
2615,2220220220
2616,2222222222
2617,12-1211111
2618,0200201010
2619,2222222222
2620,2222222222
2621,0101010101
2622,1301010101
2623,0303030303
2624,00-00-00-0
2625,0000000000
2626,0700100000
2627,2020202020
2628,0301010101
2629,2020202020
2630,2222222222
2631,0200200200
2632,1710101010
2633,2222222222
2634,2212121212
2635,0201010201
2636,2202202202
2637,00-0000000
2638,0101010101
2639,0710111011
2640,2220220220
2641,2020202020
2642,0101010101
2643,2222222222
2644,00-0100100
2645,1111111111
2646,0200200200
2647,1202020202
2648,00-0000000
2649,2220220220
2650,0101010101
2651,2220220220
2652,0201010101
2653,17-0101010
2654,0202020202
2655,1210210202
2656,0200200200
2657,0200200200
2658,0200100100
2659,2220222222
2660,11-1111111
2661,1111111111
2662,2020202020
2663,0210111111
2664,11-0111111
2665,2222222222
2666,0101010101
2667,0101010101
2668,1211111111
2669,2221222222
2670,2222222222
2671,19-01-0111
2672,0101010101
2673,0200100100
2674,0201020202
2675,2020202020
2676,2202020202
2677,14-0201202
2678,1301010101
2679,2020202020
2680,18-01-01-0
2681,2220220220
2682,1010101010
2683,17-0101010
2684,1111111111
2685,2212121212
2686,2020202020
2687,1311111111
2688,06-0300100
2689,0101010101
2690,0000000000
2691,0200200200
2692,0202020202
2693,11-0111111
2694,2020202020
2695,2020202020
2696,0101010101
2697,2222222222
2698,2020202020
2699,2222222222
2700,1110110101
2701,01-1010101
2702,2222222222
2703,1111111111
2704,2121212121
2705,0101010101
2706,2222222222
2707,0202020202
2708,0202020202
2709,1111111111
2710,1010101010
2711,1111111111
2712,0101010101
2713,0101010101
2714,2121212121
2715,0101010101
2716,11-0111111
2717,2222222222
2718,01-1111111
2719,11-1111111
2720,0900000000
2721,1211111111
2722,1010101010
2723,1211111111
2724,0200100000
2725,2220220220
2726,0201010101
2727,2222222222
2728,0200200200
2729,2222222222
2730,11-0111111
2731,2220220220
2732,0000000000
2733,1110111111
2734,09-00-00-0
2735,0100100100
2736,2020202020
2737,2111211111
2738,0301010101
2739,29-0291212
2740,2220220220
2741,1010101010
2742,0300100100
2743,1301101010
2744,2222222222
2745,0200000000
2746,01-0101010
2747,1601010101
2748,0201010303
2749,2222222222
2750,1111111111
2751,2222222222
2752,0201010101
2753,18-01-0101
2754,0000000000
2755,11-1111111
2756,2020202020
2757,2222222222
2758,11-01-01-0
2759,1211111111
2760,0111111111
2761,0301010101
2762,1201101101
2763,2222222222
2764,29-0292029
2765,2212212121
2766,2220220220
2767,2220220220
2768,0101010101
2769,2222222222
2770,2222222222
2771,0101010101
2772,0200202002
2773,0202020202
2774,2222222222
2775,00-0010010
2776,0010010010
2777,0000000000
2778,0200100100
2779,0201010101
2780,0101010101
2781,0600100100
2782,2222222222
2783,2121212121
2784,11-1111111
2785,2202020202
2786,1710101010
2787,2020202020
2788,1202020202
2789,2221222222
2790,1010101010
2791,02-0201010
2792,19-02-02-0
2793,1710101010
2794,0600100100
2795,0202020202
2796,2020202020
2797,10-0101010
2798,1211211111
2799,0201020202
2800,11-1111111
2801,0201010101
2802,0000000000
2803,0200200200
2804,1311111111
2805,2212212212
2806,0200100000
2807,0101010101
2808,2222222222
2809,0200100100
2810,0201010101
2811,2222222222
2812,0200000000
2813,2212212212
2814,0101010101
2815,2020202020
2816,2111211211
2817,2212121212
2818,0600101010
2819,0101010101
2820,0101010101
2821,2222222222
2822,0101010101
2823,0101010101
2824,2222222222
2825,18-01-0181
2826,0201010101
2827,2222222222
2828,2220220220
2829,2222222222
2830,1110111111
2831,0101010101
2832,0101010101
2833,2222222222
2834,2222222222
2835,1010101010
2836,2020202020
2837,0101010101
2838,2222222222
2839,2222222222
2840,2212121212
2841,2220220220
2842,11-1111111
2843,0200100000
2844,2222222222
2845,0202020202
2846,2222222222
2847,0101010101
2848,0101010101
2849,0600101010
2850,19-0110111
2851,0201020102
2852,1110111111
2853,2222222222
2854,0101010101
2855,2121212121
2856,1710101010
2857,19-01-0191
2858,2222222222
2859,0101010101
2860,2222222222
2861,2212212212
2862,0201010101
2863,0200101010
2864,0201010101
2865,2220220220
2866,2020202020
2867,2202202202
2868,2212121212
2869,01-01-0101
2870,2020202020
2871,2120212121
2872,2212121212
2873,18-01-01-0
2874,2222222222
2875,1111111111
2876,0200202020
2877,2222222222
2878,0010010010
2879,1111111111
2880,0101010101
2881,2222222222
2882,2020202020
2883,0201010101
2884,1111111111
2885,0100100100
2886,2020202020
2887,2222222222
2888,2222222222
2889,11-1111111
2890,1211111111
2891,0101010101
2892,1010101010
2893,0201010201
2894,0101010101
2895,0201010101
2896,0202020202
2897,0200200200
2898,1111111111
2899,0200200200
2900,0201010101
2901,1210111111
2902,0201010101
2903,1010101010
2904,2020202020
2905,0101010101
2906,17-01-01-0
2907,2220220220
2908,2220221222
2909,0101010101
2910,2020202020
2911,2222222222
2912,2222222222
2913,2212212121
2914,0101010101
2915,2212121212
2916,2020202020
2917,2020202020
2918,0301010101
2919,2222222222
2920,2222222222
2921,0101010101
2922,0201010101
2923,0200000000
2924,0101010101
2925,2222222222
2926,2202202202
2927,0200000000
2928,0010010010
2929,1201010101
2930,1111111111
2931,0200202002
2932,1010101010
2933,1111111111
2934,0101010101
2935,0600100100
2936,0301010101
2937,1111111111
2938,2222222222
2939,0101010101
2940,2020202020
2941,1111111111
2942,0200200000
2943,11-1111111
2944,2222222222
2945,2222222222
2946,2222222222
2947,1311311311
2948,2222222222
2949,2222222222
2950,06-0101010
2951,15-0111111
2952,2222222222
2953,2202202202
2954,0200000000
2955,1010101010
2956,0200201010
2957,0101010101
2958,0600600600
2959,14-0202020
2960,0200200200
2961,22-0212020
2962,1111111111
2963,1010101010
2964,1211111111
2965,1111111111
2966,0200202002
2967,0201010101
2968,2020202020
2969,2212121212
2970,19-0191111
2971,0201020202
2972,0300100100
2973,1111111111
2974,2222222222
2975,2020202020
2976,11-1111111
2977,2221221221
2978,2222222222
2979,2202202202
2980,11-1111011
2981,0101010101
2982,2202202202
2983,2222222222
2984,14-0202020
2985,0211111111
2986,1101010101
2987,0101010101
2988,0100100000
2989,17-0111111
2990,1111111111
2991,22-02-02-0
2992,1311311111
2993,0101010101
2994,0200100100
2995,0201101101
2996,0201010101
2997,2020202020
2998,0202020202
2999,0200200200
3000,2212121212
3001,15-0110101
3002,01-1111111
3003,0200100000
3004,1111111111
3005,2020212021
3006,0101010101
3007,0700100100
3008,0211111111
3009,11-1111111
3010,2212121212
3011,2220220220
3012,2212121212
3013,2220220220
3014,1310110110
3015,01-0101010
3016,2202020202
3017,2222222222
3018,2212121212
3019,0200200200
3020,0101010101
3021,0101010101
3022,2222222222
3023,2111211211
3024,14-0202020
3025,0300100100
3026,0101010101
3027,2212121212
3028,2202202202
3029,2222222222
3030,0101010101
3031,1202020202
3032,0301010101
3033,0200100100
3034,2222222222
3035,1211111111
3036,2222222222
3037,2212121212
3038,19-01-0191
3039,0200200200
3040,0101010101
3041,0101010101
3042,19-01-01-0
3043,0301010101
3044,1020202020
3045,0200200200
3046,0101010101
3047,0201010101
3048,2020202020
3049,1010101010
3050,11-0111111
3051,0300100101
3052,0201010101
3053,1111111111
3054,1211311311
3055,2220222222
3056,11-1111111
3057,2222222222
3058,0201010101
3059,0300100101
3060,0101010101
3061,09-0100100
3062,2021202120
3063,0201010101
3064,15-1111111
3065,2222222222
3066,1810111111
3067,2111211211
3068,0200200000
3069,2212121212
3070,0201010101
3071,2020202020
3072,0101010101
3073,0000000000
3074,1110110111
3075,2121212121
3076,2202020202
3077,0101010101
3078,2222222222
3079,00-0100100
3080,0101010101
3081,0101010101
3082,2222222222
3083,13-0301301
3084,01-0101010
3085,2222222222
3086,0201010101
3087,0300100100
3088,11-1111111
3089,0201010101
3090,2121212121
3091,0202020202
3092,1211111111
3093,2220220220
3094,0300100100
3095,2222222222
3096,0101010101
3097,1201010101
3098,2212121212
3099,2202202202
3100,2212212121
3101,2202020202
3102,0202020202
3103,0201010101
3104,0202020202
3105,2712121212
3106,2222222222
3107,0200202020
3108,0200200200
3109,1010101010
3110,0101010101
3111,2222222222
3112,1710101010
3113,0201010101
3114,01-1111011
3115,2222222222
3116,1301010101
3117,2222222222
3118,0301010101
3119,11-0110101
3120,2222222222
3121,2020202020
3122,0101010101
3123,0202020202
3124,0201010101
3125,0101010101
3126,2220220220
3127,2222222222
3128,0101010101
3129,0101010101
3130,2222222222
3131,2222222222
3132,11-1111111
3133,11-1111111
3134,2020202020
3135,0201010101
3136,1301101101
3137,1111111111
3138,2222222222
3139,1110110110
3140,2020202020
3141,0101010101
3142,2222222222
3143,22-0222222
3144,2121212121
3145,0101010101
3146,2220220220
3147,13-0111111
3148,2020202020
3149,0201020202
3150,11-0110110
3151,0201010101
3152,0601010101
3153,2121212121
3154,1111111111
3155,2202202202
3156,0101010101
3157,0201020101
3158,0201010101
3159,0300100100
3160,0301010101
3161,0600101010
3162,2202020202
3163,1111111111
3164,17-0110101
3165,14-0201010
3166,2222222222
3167,0201010101
3168,2121212121
3169,1111111111
3170,0101010101
3171,11-1111111
3172,1201020101
3173,0000000000
3174,0101010101
3175,2121212121
3176,11-1111111
3177,2121212121
3178,2222222222
3179,1710111111
3180,0600100100
3181,05-0301010
3182,0110111011
3183,2202202202
3184,2222222222
3185,17-0101010
3186,2222222222
3187,2222222222
3188,11-1111111
3189,11-0111111
3190,0211111111
3191,11-0110101
3192,0000000000
3193,0301010101
3194,0101010101
3195,0101010101
3196,1111111111
3197,0202020202
3198,2212121212
3199,2121212121
3200,0201020303
3201,2222222222
3202,1711111111
3203,0111111111
3204,2220220220
3205,1111111111
3206,2222222222
3207,11-1111111
3208,2120212121
3209,00-0100100
3210,2121212121
3211,2020202020
3212,0101010101
3213,15-0101010
3214,0201010101
3215,2220220220
3216,1310110110
3217,0200000000
3218,1211211111
3219,19-0111111
3220,2220220220
3221,2222222222
3222,2120212121
3223,11-1111111
3224,1212121212
3225,2222222222
3226,2020202020
3227,2202202202
3228,1111111111
3229,11-0110111
3230,2222222222
3231,2222222222
3232,2020202020
3233,1201020102
3234,1111111111
3235,0303030303
3236,0100100100
3237,0202020202
3238,0201010101
3239,2222222222
3240,0101010101
3241,0202020202
3242,2221221221
3243,2121212121
3244,1710101010
3245,0200200200
3246,0101010101
3247,0301010101
3248,0200202002
3249,2222222222
3250,0301010101
3251,0300101010
3252,0201010101
3253,0202020202
3254,0101010101
3255,2121212121
3256,0201010101
3257,1211111111
3258,2222222222
3259,2222222222
3260,29-02-02-0
3261,0700100100
3262,00-0000000
3263,2222222222
3264,2020202020
3265,0200200100
3266,1211111111
3267,0200000000
3268,1111111111
3269,0101010101
3270,1010101010
3271,2222222222
3272,0300100101
3273,0201010101
3274,1301010101
3275,2222222222
3276,1211111111
3277,1111111111
3278,1111111111
3279,2220220220
3280,2222222222
3281,2222222222
3282,2212121212
3283,0101010101
3284,0101010101
3285,2020202020
3286,1701010101
3287,1201010202
3288,1211211111
3289,0201010101
3290,2121212121
3291,0202020202
3292,2020202020
3293,2222222222
3294,0201010201
3295,0101010101
3296,2202020202
3297,01-1111111
3298,0101010101
3299,0303030303
3300,2222222222
3301,2222222222
3302,0200100100
3303,2121212121
3304,0601010101
3305,2222222222
3306,01-1010101
3307,1201201201
3308,2222222222
3309,0200000000
3310,22-02-02-0
3311,08-0300100
3312,2220220220
3313,1010101010
3314,0101010101
3315,0301010101
3316,2222222222
3317,15-0110111
3318,0101010101
3319,01-0101010
3320,19-01-01-0
3321,0201010101
3322,1111111111
3323,2212121212
3324,2222222222
3325,0300101010
3326,0303030303
3327,2020202020
3328,0600101010
3329,0101010101
3330,0300100100
3331,2220220220
3332,1111111111
3333,0010010010
3334,2222222222
3335,2222222222
3336,2222222222
3337,2212121212
3338,2020202020
3339,1111111111
3340,2212222222
3341,2222222222
3342,2222222222
3343,1201202020
3344,2222222222
3345,2202202202
3346,2020202020
3347,1110110110
3348,2220220220
3349,0101010101
3350,19-01-0110
3351,0101010101
3352,0301010101
3353,1911111111
3354,1202020202
3355,0200200200
3356,0200200200
3357,0200202020
3358,14-0140110
3359,22-0220212
3360,1202020202
3361,0600100100
3362,01-0101010
3363,0201010101
3364,0600000000
3365,1110110110
3366,1111111111
3367,0201010201
3368,2020202020
3369,0101010101
3370,0201010101
3371,11-1111111
3372,2222222222
3373,1311111111
3374,0202020202
3375,0101010101
3376,2202020202
3377,14-0210110
3378,1111111111
3379,0101010101
3380,2222222222
3381,1202020202
3382,0201010101
3383,0101010101
3384,0201010101
3385,0200200200
3386,0010101010
3387,0200000000
3388,2220222222
3389,0201020201
3390,2220222222
3391,11-0111111
3392,1010101010
3393,06-0101010
3394,2020202020
3395,0200200200
3396,2202202202
3397,2222222222
3398,02-1011011
3399,11-1111111
3400,2222222222
3401,1111111111
3402,0200000000
3403,0202020202
3404,2222222222
3405,2222222222
3406,0200100101
3407,0101010101
3408,2020202020
3409,0200101010
3410,2222222222
3411,0201010101
3412,0101010101
3413,0101010101
3414,0101010101
3415,0201010101
3416,2222222222
3417,2212020202
3418,1111111111
3419,2111211211
3420,0101010101
3421,19-01-01-0
3422,0101010101
3423,0101010101
3424,19-01-01-0
3425,0200200200
3426,1111111111
3427,19-0111111
3428,2220220220
3429,11-1111111
3430,1111111111
3431,15-0110110
3432,0600100100
3433,07-1010101
3434,0101010101
3435,0300100100
3436,18-01-0110
3437,0101010101
3438,2222222222
3439,0200100000
3440,11-1111111
3441,2020202020
3442,14-01-0111
3443,2020202020
3444,0201010101
3445,2020202020
3446,0201010101
3447,2121212121
3448,01-0101010
3449,0101010101
3450,2222222222
3451,0101010101
3452,0200200200
3453,01-0101010
3454,01-1111011
3455,2222222222
3456,0200101010
3457,2222222222
3458,0201010101
3459,1211111111
3460,0202020202
3461,0101010101
3462,2222222222
3463,1010101010
3464,2020202020
3465,2202020202
3466,2202202202
3467,2212121212
3468,0101010101
3469,2121212121
3470,2020202020
3471,01-0101010
3472,01-1111011
3473,0200200200
3474,11-1111111
3475,1111111111
3476,2220220220
3477,1811111111
3478,2202020202
3479,21-1211212
3480,0200101010
3481,0101010101
3482,2020202020
3483,0200100100
3484,19-02-02-0
3485,0101010101
3486,0101010101
3487,0101010101
3488,11-0111111
3489,0200202002
3490,0202020202
3491,14-0110111
3492,0210110110
3493,2222222222
3494,2222222222
3495,2222222222
3496,11-0111111
3497,1211111111
3498,0200202002
3499,1610101010
3500,0101010101
3501,1211111111
3502,11-1111111
3503,19-11-1111
3504,2222222222
3505,1211111111
3506,2222222222
3507,2020202020
3508,1110111111
3509,2222222222
3510,0201010101
3511,06-0300101
3512,0000000000
3513,22-0220220
3514,2020202020
3515,0111111111
3516,0100100100
3517,0200200200
3518,2212121212
3519,0900900900
3520,1111111111
3521,1111111111
3522,0211111111
3523,1010101010
3524,2220220220
3525,0201010101
3526,19-1191191
3527,1310111111
3528,0201010101
3529,2222222222
3530,2222222222
3531,1010101010
3532,0101010101
3533,0300100100
3534,2222222222
3535,2212121212
3536,0101010101
3537,2222222222
3538,2121212121
3539,0101010101
3540,1010101010
3541,1101010101
3542,0111111111
3543,1101101010
3544,0600100100
3545,0801010101
3546,11-1111111
3547,2222222222
3548,1202020202
3549,2222222222
3550,2202202202
3551,2222222222
3552,0202020202
3553,0201101101
3554,2212121212
3555,1111111111
3556,2020202020
3557,0202020202
3558,1810101010
3559,2222222222
3560,0101010101
3561,2220220220
3562,2111211211
3563,0200100000
3564,2212121212
3565,2222222222
3566,11-1111111
3567,0200200200
3568,0101010101
3569,1201110111
3570,0201010101
3571,2020202020
3572,1111111111
3573,0700000000
3574,1111111111
3575,2212121212
3576,2020202020
3577,2121212121
3578,2222222222
3579,0601010101
3580,1111111111
3581,1311111111
3582,17-0201010
3583,2220220220
3584,0200200200
3585,1711111111
3586,0200202020
3587,2121212121
3588,2222222222
3589,0301010101
3590,0201010101
3591,1110110110
3592,1111111111
3593,13-03-03-0
3594,1111111111
3595,1010101010
3596,0202020202
3597,29-02-02-0
3598,2222222222
3599,1010101010
3600,0202020202
3601,2121212121
3602,2202020202
3603,1111111111
3604,0300101010
3605,0201010101
3606,0801010101
3607,2220220220
3608,11-0111111
3609,0101010101
3610,2020202020
3611,2222222222
3612,0000000000
3613,0201020302
3614,12-1211111
3615,11-1111111
3616,2202020202
3617,11-0110111
3618,2212021202
3619,2222222222
3620,0301010101
3621,0101010101
3622,0101010101
3623,2020202020
3624,1111111111
3625,1210210120
3626,0201010101
3627,09-0101010
3628,2222222222
3629,0200000000
3630,09-00-00-0
3631,0101010101
3632,0101010101
3633,0101010101
3634,0101010101
3635,2222222222
3636,2220220220
3637,2222222222
3638,1201201010
3639,2020202020
3640,1301101010
3641,0201010101
3642,2222222222
3643,08-0101010
3644,0101010101
3645,1111111111
3646,0300100000
3647,2220220220
3648,0101010101
3649,00-00-00-0
3650,01-1111111
3651,2222222222
3652,2222222222
3653,1111111111
3654,2222222222
3655,2020202020
3656,0201010101
3657,19-09-09-0
3658,2222222222
3659,0202020202
3660,0101010101
3661,2020202020
3662,1201111111
3663,1111111111
3664,14-0201010
3665,2222222222
3666,00-00-0000
3667,2222222222
3668,0202020202
3669,2111211211
3670,2212121212
3671,0201010101
3672,2222222222
3673,2212121212
3674,01-1010101
3675,2212212212
3676,22-2222222
3677,0101010101
3678,2222222222
3679,0111111111
3680,2120212121
3681,0202020202
3682,2202020202
3683,0300100100
3684,0101010101
3685,2220220220
3686,2202202202
3687,01-1111111
3688,0201020101
3689,1111111111
3690,2202020202
3691,0101010101
3692,0701010101
3693,1111111111
3694,22-0222222
3695,00-0000000
3696,1111111111
3697,1311111111
3698,2222222222
3699,1111111111
3700,16-0111111
3701,1111111111
3702,2202020202
3703,2020202020
3704,11-0111111
3705,0201010101
3706,2020202020
3707,2202202202
3708,2222222222
3709,01-0101010
3710,1201010101
3711,0200200200
3712,2220220220
3713,0101010101
3714,1711111111
3715,1811111111
3716,2020202020
3717,11-1111111
3718,2121212121
3719,2222222222
3720,0200100100
3721,2222222222
3722,0303030303
3723,2020202020
3724,0201010101
3725,0300100100
3726,1211202020
3727,1710101010
3728,1111111111
3729,19-1111111
3730,2020202020
3731,1111111111
3732,0601010101
3733,0600100000
3734,0101010101
3735,1211111111
3736,0202020202
3737,0201010101
3738,2222222222
3739,22-2222222
3740,2212121212
3741,08-01-0101
3742,2020202020
3743,1111111111
3744,2222222222
3745,2202020202
3746,0200100100
3747,1212121212
3748,0010010010
3749,00-0000000
3750,2222222222
3751,0701010101
3752,1111111111
3753,1211111111
3754,0200200200
3755,0301010101
3756,2020202020
3757,2222222222
3758,0301010101
3759,2202202202
3760,0101010101
3761,1111111111
3762,0101010101
3763,0701010101
3764,1010101010
3765,2121212121
3766,1201101101
3767,05-0300101
3768,0010101010
3769,19-0191111
3770,0202020202
3771,0101010101
3772,0301010101
3773,2222222222
3774,2222222222
3775,1110110110
3776,2222222222
3777,0000000000
3778,19-09-09-0
3779,11-1111111
3780,11-1111111
3781,0101010101
3782,0200202002
3783,0201010101
3784,0600100000
3785,1010101010
3786,0000000000
3787,0101010101
3788,0101010101
3789,2212121212
3790,1010110110
3791,1111111111
3792,2222222222
3793,2220220220
3794,09-0101010
3795,2020202020
3796,1101010101
3797,2222222222
3798,2020202020
3799,01-01-0101
3800,0900900900
3801,0101010101
3802,0101010101
3803,0202020202
3804,0111111111
3805,1010101010
3806,0201010101
3807,0200200200
3808,0101010101
3809,0101010101
3810,11-0111111
3811,13-0301301
3812,0202020202
3813,0201010101
3814,0101010101
3815,1010101010
3816,2222222222
3817,1710101010
3818,2020202020
3819,0100100001
3820,0201010101
3821,0201010101
3822,1201010101
3823,0200101010
3824,1211211211
3825,1110110110
3826,2020202020
3827,0200200200
3828,1111111111
3829,1111111111
3830,2222222222
3831,0200100000
3832,0202020202
3833,2021202120
3834,1111111111
3835,2222222222
3836,0101010101
3837,2222222222
3838,0201010101
3839,2202120212
3840,0100100100
3841,2221222222
3842,2202202202
3843,1111111111
3844,0110110101
3845,11-1111111
3846,0700000000
3847,0101010101
3848,1111111111
3849,0000000000
3850,0201010101
3851,0201010101
3852,2222222222
3853,0201111111
3854,2222222222
3855,2020202020
3856,2121212121
3857,2020202020
3858,0201010101
3859,0101010101
3860,0201010101
3861,0101010101
3862,0200101001
3863,2222222222
3864,1111111111
3865,1111111111
3866,14-0202020
3867,11-0101010
3868,1211111111
3869,0101010101
3870,0200100100
3871,0701010101
3872,0101010101
3873,2222222222
3874,0303030303
3875,1010101010
3876,1111111111
3877,0101010101
3878,2222222222
3879,2212121212
3880,2222222222
3881,2222222222
3882,01-1111111
3883,1111111111
3884,2220222222
3885,0101010101
3886,2222222222
3887,1710101010
3888,2302202020
3889,2212212212
3890,1111111111
3891,0110110110
3892,2222222222
3893,0101010101
3894,0202020202
3895,2222222222
3896,2222222222
3897,2202020202
3898,0100100101
3899,12-1111111
3900,11-0111111
3901,11-0110110
3902,0201020303
3903,0201010101
3904,0200100100
3905,0201010101
3906,1111111111
3907,2222222222
3908,1710101010
3909,2222222222
3910,2020202020
3911,2212212212
3912,1202020202
3913,18-01-01-0
3914,0211202020
3915,2220220220
3916,1101010101
3917,1010101010
3918,1111111111
3919,11-0111111
3920,2222222222
3921,1111111111
3922,2212222222
3923,22-02-0220
3924,2222222222
3925,0203030303
3926,01-1101101
3927,01-0101010
3928,2121212121
3929,0201010101
3930,2222222222
3931,2222222222
3932,2020202020
3933,0200100100
3934,2222222222
3935,0100101010
3936,2222222222
3937,1111111111
3938,2121212121
3939,2212121212
3940,2222222222
3941,1111111111
3942,2222222222
3943,2222222222
3944,1211211111
3945,2222222222
3946,1710110110
3947,2222222222
3948,1111111111
3949,1111111111
3950,0101010101
3951,1010101010
3952,1211111111
3953,0201010101
3954,1111111111
3955,1111111111
3956,2020202020
3957,1101010101
3958,02-1010101
3959,00-0100100
3960,0303030303
3961,0200200200
3962,01-0101010
3963,0202020202
3964,0101010101
3965,0200000000
3966,0201010101
3967,0200000000
3968,0200101010
3969,0200200200
3970,0202020202
3971,19-1111111
3972,0201010101
3973,0201010101
3974,2020202020
3975,2222222222
3976,0200202002
3977,1111111111
3978,2222222222
3979,2222222222
3980,2222222222
3981,01-01-01-0
3982,0100100100
3983,0101010101
3984,0101010101
3985,1010101010
3986,2220220220
3987,18-01-01-0
3988,1202020202
3989,14-0101010
3990,0200101010
3991,11-1111111
3992,2222222222
3993,0200000000
3994,1211211211
3995,2222222222
3996,2222222222
3997,1111111111
3998,0000000000
3999,0600100100
4000,0202020202
4001,2021211211
4002,2220220220
4003,2222222222
4004,1111111111
4005,1202020202
4006,0200101010
4007,0800100100
4008,0200000000
4009,1301101010
4010,0101010101
4011,0201010101
4012,2222222222
4013,1202020202
4014,14-0201010
4015,1211111111
4016,2220220220
4017,2202202020
4018,29-0291202
4019,1111111111
4020,0101010101
4021,0101010101
4022,0101010101
4023,2020202020
4024,0000100100
4025,2222222222
4026,2202202202
4027,2222222222
4028,1111111111
4029,1110110101
4030,0202020202
4031,2221222222
4032,11-1111111
4033,0202020202
4034,2220220220
4035,2222222222
4036,2020202020
4037,0300100100
4038,0200000000
4039,11-1111111
4040,2222222222
4041,0201010101
4042,0000100000
4043,1111111111
4044,0101010101
4045,2222222222
4046,2222222222
4047,2202202202
4048,1201111111
4049,0202020202
4050,2222222222
4051,2112121212
4052,0202020202
4053,1101010101
4054,01-0101010
4055,0101010101
4056,01-0101010
4057,0101010101
4058,0101010101
4059,0200101010
4060,2222222222
4061,0101010101
4062,0200200200
4063,0101010101
4064,0110110110
4065,0200100100
4066,0201010101
4067,0300100101
4068,1710111111
4069,2222222222
4070,0600100100
4071,15-01-01-0
4072,0101010101
4073,17-0101010
4074,2222222222
4075,11-1111111
4076,14-0201020
4077,0101010101
4078,2020202020
4079,1010101010
4080,2202202202
4081,2220220220
4082,11-1111111
4083,2222222222
4084,2020202020
4085,2222222222
4086,1111111111
4087,19-01-01-0
4088,1111111111
4089,1111111111
4090,0200000000
4091,0101010101
4092,0100100100
4093,2222222222
4094,1710101010
4095,0000000000
4096,0101010101
4097,0101010101
4098,1111111111
4099,2222222222
4100,2222222222
4101,15-0110101
4102,2212121212
4103,0201010101
4104,2222222222
4105,18-01-01-0
4106,0101010101
4107,0200202002
4108,2222222222
4109,0201010101
4110,2222222222
4111,2202202202
4112,0101010101
4113,0303030303
4114,1111111111
4115,0201010101
4116,1210111111
4117,11-0110101
4118,2121212121
4119,0200000000
4120,2222222222
4121,2222222222
4122,0700000000
4123,0100100100
4124,2222222222
4125,1111111111
4126,0200100100
4127,1211111111
4128,1111111111
4129,2221222222
4130,0101010101
4131,0101010101
4132,0200202002
4133,2222222222
4134,2222222222
4135,2222222222
4136,0301010101
4137,2222222222
4138,1111111111
4139,2222222222
4140,0101010101
4141,0201010101
4142,18-0111111
4143,0101010101
4144,0101010101
4145,2212212212
4146,2020202020
4147,2222222222
4148,0101010101
4149,0101010101
4150,11-1111111
4151,11-1111111
4152,11-0111111
4153,0202020202
4154,0101010101
4155,0201010101
4156,0101010101
4157,2222222222
4158,2222222222
4159,0201010101
4160,22-0220220
4161,0100101010
4162,0700600600
4163,2202202202
4164,2222222222
4165,2202202202
4166,2020202020
4167,2222222222
4168,2222222222
4169,2020202020
4170,0301010101
4171,0200200200
4172,19-11-1111
4173,1110111111
4174,0201010101
4175,1202020202
4176,1211111111
4177,2020202020
4178,2202202202
4179,0201201201
4180,1010101010
4181,0101010101
4182,11-1111111
4183,2222222222
4184,0111111111
4185,2220220220
4186,2202202202
4187,0201110201
4188,0101010101
4189,1010101010
4190,0200200200
4191,1101101101
4192,2220222222
4193,0301010101
4194,1111111111
4195,2121212121
4196,0101010101
4197,2212212212
4198,0200000000
4199,2222222222
4200,1111111111
4201,09-0100100
4202,1111111111
4203,1111111111
4204,1010101010
4205,0202020202
4206,0210111111
4207,0301010101
4208,2212121212
4209,2222222222
4210,1111111111
4211,0201010101
4212,14-0201020
4213,0201010101
4214,0101010101
4215,19-01-01-0
4216,2121212121
4217,2202020202
4218,2202020202
4219,2222222222
4220,11-1111111
4221,0701010707
4222,2202020202
4223,2220222222
4224,09-0100100
4225,0201010101
4226,0200200200
4227,11-1111111
4228,0101010101
4229,1111111111
4230,2220220220
4231,2220220220
4232,19-01-01-0
4233,0101010101
4234,0201010101
4235,0201010101
4236,0202020202
4237,0300100100
4238,0200101010
4239,0101010101
4240,1111111111
4241,2222222222
4242,2222222222
4243,2222222222
4244,1010101010
4245,2222222222
4246,0101010101
4247,2222222222
4248,0101010101
4249,0100100100
4250,19-1111111
4251,0201010101
4252,0200101010
4253,0200200200
4254,0303030303
4255,2222222222
4256,0600101010
4257,0110110110
4258,0101010101
4259,2222222222
4260,2020202020
4261,2222222222
4262,0100101010
4263,0200201010
4264,0111111111
4265,2222222222
4266,0101010101
4267,2220221222
4268,0101010101
4269,11-1111111
4270,2222222222
4271,0201010101
4272,2222222222
4273,0101010101
4274,2020202020
4275,0101010101
4276,2222222222
4277,1811111111
4278,0201010101
4279,00-0000000
4280,1310210130
4281,2020202020
4282,2222222222
4283,2222222222
4284,11-1111111
4285,0001001001
4286,0200200200
4287,0300100001
4288,2020202020
4289,0101010101
4290,1111111111
4291,1111111111
4292,2222222222
4293,0101010101
4294,0201010101
4295,0101010101
4296,1201202012
4297,11-1111111
4298,2222222222
4299,0201010101
4300,0201010101
4301,1201201201
4302,17-0111111
4303,1301010101
4304,2212121212
4305,2020202020
4306,2212121212
4307,0101010101
4308,2222222222
4309,0201010101
4310,2222222222
4311,0300100100
4312,0200100100
4313,0201010101
4314,2222222222
4315,0202020202
4316,0201010101
4317,0111111111
4318,0200100100
4319,0200100100
4320,2222222222
4321,0101010101
4322,2222222222
4323,0110110110
4324,17-0101010
4325,1111111111
4326,2222222222
4327,0300101001
4328,2220220220
4329,2220220220
4330,1211111111
4331,0111111111
4332,2222222222
4333,0200200200
4334,1111111111
4335,2202020202
4336,0300100100
4337,1111111111
4338,0101010101
4339,0201010101
4340,11-1111111
4341,2220220220
4342,0100101001
4343,0110110101
4344,0200200200
4345,11-1111111
4346,0600100100
4347,2202020202
4348,0201010101
4349,0201010101
4350,0200000000
4351,2222222222
4352,0101010101
4353,0101010101
4354,2020202020
4355,1211111111
4356,1111111111
4357,1111111111
4358,2020202020
4359,1111111111
4360,2202202202
4361,0101010101
4362,0201010101
4363,2220220220
4364,0101010101
4365,0101010101
4366,0101010101
4367,0101010101
4368,0101010101
4369,0101010101
4370,0101010101
4371,1111111111
4372,0101010101
4373,2020202020
4374,17-0110101
4375,2222222222
4376,1311111111
4377,2020202020
4378,0101010101
4379,2222222222
4380,11-1111111
4381,11-1111111
4382,11-1111111
4383,2020202020
4384,0600100100
4385,2222222222
4386,0200100100
4387,2222222222
4388,2222222222
4389,0201010101
4390,2222222222
4391,2220220220
4392,0301010101
4393,0101010101
4394,2111111111
4395,0101010101
4396,19-11-1111
4397,0200200200
4398,0101010101
4399,2222222222
4400,1211111111
4401,0200200200
4402,2222222222
4403,1111111111
4404,2222222222
4405,22-0220220
4406,19-01-0191
4407,22-02-02-0
4408,0101010101
4409,1811111111
4410,1211111111
4411,2212121212
4412,0101010101
4413,2222222222
4414,0101010101
4415,01-0101010
4416,2220220220
4417,0200200000
4418,0101010101
4419,2121212121
4420,2222222222
4421,2121212121
4422,2222222222
4423,2222222222
4424,2212121212
4425,0101010101
4426,2222222222
4427,0101010101
4428,0101010101
4429,0303030303
4430,1211111111
4431,1211111111
4432,0110111011
4433,0101010101
4434,2222222222
4435,2020202020
4436,1201101101
4437,0000000000
4438,1311311311
4439,2020202020
4440,0200202020
4441,11-1111111
4442,1010101010
4443,12-1201111
4444,2220220220
4445,0200000000
4446,2220220220
4447,0203030303
4448,12-1111111
4449,2222222222
4450,1110110110
4451,0201020201
4452,0101010101
4453,0101010101
4454,01-0101010
4455,0301010101
4456,0700100100
4457,0101010101
4458,00-00-0000
4459,0201010101
4460,1201101010
4461,2222222222
4462,2222222222
4463,1201010101
4464,2220220220
4465,1111111111
4466,0200101010
4467,1201110110
4468,09-0100100
4469,1710101010
4470,1111111111
4471,2020202020
4472,01-0101010
4473,2222222222
4474,1211111111
4475,0101010101
4476,2020202020
4477,0101010101
4478,2222222222
4479,19-0111111
4480,0101010101
4481,0201010101
4482,0101010101
4483,22-0220220
4484,18-0111111
4485,0101010101
4486,2202020202
4487,0200000000
4488,2222222222
4489,0010101010
4490,0101010101
4491,1201202020
4492,1111111111
4493,1111111111
4494,2220220220
4495,2220220220
4496,2222222222
4497,0200100100
4498,0200200000
4499,29-02-02-0
4500,2222222222
4501,0100101010
4502,0202020202
4503,2220220220
4504,0101010101
4505,2212222222
4506,0200200200
4507,2222222222
4508,2222222222
4509,19-19-19-1
4510,17-0101010
4511,2020202020
4512,0801010101
4513,0101010101
4514,1201020202
4515,16-01-0110
4516,0101010101
4517,0101010101
4518,1111111111
4519,0200101010
4520,1711111111
4521,0202020202
4522,0202020202
4523,0101010101
4524,2020202020
4525,2121212121
4526,0200100000
4527,2020202020
4528,0101010101
4529,1201201201
4530,2222222222
4531,0201010101
4532,0000000000
4533,0200000000
4534,2020202020
4535,0200000000
4536,0101010101
4537,01-01-01-0
4538,11-0110110
4539,2020202020
4540,0200202020
4541,0301010101
4542,2202202202
4543,11-1111111
4544,11-1111111
4545,17-0101010
4546,0701010101
4547,2222222222
4548,2222222222
4549,0202020202
4550,2222222222
4551,1010101010
4552,0202020202
4553,2121212121
4554,0201010101
4555,2222222222
4556,1111111111
4557,1111111111
4558,2221222222
4559,11-1111111
4560,2220220220
4561,0303030303
4562,0211111111
4563,1111111111
4564,11-1111111
4565,2202202202
4566,1010101010
4567,0000000000
4568,19-09-09-0
4569,0101010101
4570,13-0310110
4571,1111111111
4572,2222222222
4573,0211111111
4574,08-0300101
4575,22-02-02-0
4576,0201010101
4577,2222222222
4578,2020202020
4579,2220220220
4580,0600000000
4581,2222222222
4582,01-0101010
4583,0101010101
4584,0700100100
4585,2121212121
4586,1111111111
4587,1211111111
4588,0000000000
4589,2222222222
4590,0211111111
4591,0101010101
4592,0300100001
4593,0211111111
4594,1111111111
4595,0300101010
4596,1010101010
4597,14-0201010
4598,1110111011
4599,1111111111
4600,2222222222
4601,2212121212
4602,1010101010
4603,0200200200
4604,09-01-01-0
4605,0200100100
4606,2202202202
4607,1111111111
4608,0200000000
4609,0101010101
4610,2222222222
4611,0200200200
4612,09-0100101
4613,01-0101010
4614,1111111111
4615,2202202202
4616,0301010101
4617,1111111111
4618,07-0101010
4619,2212121212
4620,0202020202
4621,2222222222
4622,2222222222
4623,2222222222
4624,1111111111
4625,0101010101
4626,2220220220
4627,0200101010
4628,2020202020
4629,0200101010
4630,22-02-02-0
4631,2202020202
4632,1111111111
4633,0101010101
4634,2202020202
4635,1111111111
4636,1211111111
4637,2212121212
4638,0600100100
4639,2121212121
4640,01-1111111
4641,2222222222
4642,0201010101
4643,2222222222
4644,2212121212
4645,1111111111
4646,0202020202
4647,2202202202
4648,2212222222
4649,01-1010101
4650,1111111111
4651,0000100100
4652,1211111111
4653,0101010101
4654,17-0110101
4655,1301010101
